{"chunk_definitions":[{"row":15,"row_count":1,"visible":true,"expansion_state":0,"options":{"engine":"r","label":"setup","include":false},"document_id":"38004900","chunk_id":"csetup_chunk","chunk_label":"setup"},{"row":25,"row_count":1,"visible":true,"expansion_state":0,"options":{"engine":"r","label":"cargamos los datos","echo":false},"document_id":"38004900","chunk_id":"ch29l6cqzrza5","chunk_label":"cargamos los datos"},{"row":45,"row_count":1,"visible":true,"expansion_state":0,"options":{"engine":"r","label":"pairs"},"document_id":"38004900","chunk_id":"c9iu97bbdqnfe","chunk_label":"pairs"},{"row":56,"row_count":1,"visible":true,"expansion_state":0,"options":{"engine":"r","label":"tendencias"},"document_id":"38004900","chunk_id":"cx9ow9bzea2y0","chunk_label":"tendencias"},{"row":63,"row_count":1,"visible":true,"expansion_state":0,"options":{"engine":"r","label":"datos sin parcela 5","echo":false},"document_id":"38004900","chunk_id":"c3pnvo4fe6tnp","chunk_label":"datos sin parcela 5"},{"row":375,"row_count":1,"visible":true,"expansion_state":0,"options":{"engine":"r","label":"resultados modelo sin TDif sin AltMed sin g SIN 5"},"document_id":"38004900","chunk_id":"cbny8xn49haiu","chunk_label":"resultados modelo sin TDif sin AltMed sin g SIN 5"},{"row":513,"row_count":1,"visible":true,"expansion_state":0,"options":{"engine":"r","label":"resultado modelo definitivo"},"document_id":"38004900","chunk_id":"ch2inzjvi47wv","chunk_label":"resultado modelo definitivo"},{"row":519,"row_count":1,"visible":true,"expansion_state":0,"options":{"engine":"r","label":"guardamos las variables definidas en el codigo","echo":false,"eval":false},"document_id":"38004900","chunk_id":"c11b3a79f8fxj","chunk_label":"guardamos las variables definidas en el codigo"}],"doc_write_time":1690564048,"working_dir":null,"default_chunk_options":{"echo":true}}